{"cameraMode":{"drawMode":0,"name":"Shaded","section":"Shading Mode"},"sceneLighting":false,"audioPlay":false,"sceneViewState":{"m_AlwaysRefresh":false,"showFog":true,"showSkybox":false,"showFlares":true,"showImageEffects":true,"showParticleSystems":true,"showVisualEffectGraphs":true,"m_FxEnabled":true},"in2DMode":false,"pivot":{"x":-0.003239542245864868,"y":1.4471756219863892,"z":0.05437353253364563},"rotation":{"x":0.016384541988372804,"y":0.9403828978538513,"z":-0.3366837501525879,"w":0.04575315862894058},"size":0.6799914240837097,"orthographic":false}